Name,Blinks,Average_EAR,FakeOReal,Duration
id6_id1_0001.mp4,4,0.265516435857554,Fake,10
id16_0005.mp4,9,0.309802412229769,Real,11
id11_id7_0005.mp4,3,0.302121149386237,Fake,10
id3_id1_0009.mp4,7,0.297111755461247,Fake,16
id3_id1_0007.mp4,6,0.295054973231595,Fake,12
id0_id6_0002.mp4,0,0.285437272900161,Fake,11
00232.mp4,5,0.299038668462399,Real,15
id9_id3_0008.mp4,6,0.26040605524186,Fake,15
id6_id9_0006.mp4,0,0.295781516704423,Fake,9
id3_id4_0008.mp4,12,0.258922103894256,Fake,15
id8_id2_0003.mp4,7,0.274004218211775,Fake,13
id4_id9_0007.mp4,10,0.249408743020329,Fake,14
id4_id1_0007.mp4,2,0.268802514635896,Fake,14
00029.mp4,6,0.287055376254579,Real,15
id17_id2_0007.mp4,4,0.293625106725141,Fake,9
00007.mp4,16,0.228410169291991,Real,15
id0_id2_0001.mp4,4,0.326170885450635,Fake,10
00150.mp4,2,0.333551565593713,Real,15
id7_0006.mp4,2,0.323900233215584,Real,7
id2_id1_0006.mp4,5,0.305613591902147,Fake,12
id1_id16_0000.mp4,15,0.203572816114303,Fake,12
00138.mp4,0,0.339404826630842,Real,16
00216.mp4,10,0.257059724278179,Real,12
id3_id6_0008.mp4,1,0.294460933116196,Fake,15
id17_id1_0003.mp4,4,0.279976926622959,Fake,8
id0_id4_0004.mp4,10,0.237769570951779,Fake,10
id10_id11_0002.mp4,1,0.358418841561544,Fake,10
id2_0002.mp4,6,0.311290092015474,Real,12
id6_id9_0001.mp4,7,0.253465561436302,Fake,10
id4_id3_0007.mp4,5,0.268284033936604,Fake,14
id3_id0_0005.mp4,6,0.230395392081251,Fake,13
id3_id0_0009.mp4,7,0.273359341234415,Fake,16
00005.mp4,12,0.310407894535797,Real,15
00070.mp4,4,0.249084729164291,Real,11
id3_id2_0004.mp4,8,0.272478063281297,Fake,16
id6_0001.mp4,4,0.289359179507798,Real,10
00136.mp4,0,0.371113593431187,Real,9
id17_0004.mp4,0,0.285095749857924,Real,10
id16_id1_0012.mp4,4,0.287127509241996,Fake,10
id11_0003.mp4,8,0.271811337574942,Real,10
id3_0002.mp4,1,0.356068473374947,Real,14
id16_id9_0010.mp4,21,0.210839563593965,Fake,10
00083.mp4,4,0.2970422298136,Real,11
id6_id4_0004.mp4,0,0.328668159507299,Fake,15
00226.mp4,2,0.344778474056272,Real,15
id1_id6_0004.mp4,11,0.259409019158647,Fake,13
id7_id11_0000.mp4,7,0.225294564990431,Fake,9
id1_id4_0007.mp4,8,0.262272441509664,Fake,10
id1_id16_0007.mp4,7,0.242391194209956,Fake,10
id3_id16_0009.mp4,9,0.262082448225192,Fake,16
id6_id16_0001.mp4,7,0.234177184452826,Fake,10
id0_id17_0000.mp4,10,0.249682410667213,Fake,15
id8_id6_0003.mp4,9,0.248197390990846,Fake,13
id4_id9_0003.mp4,8,0.254147748866298,Fake,14
id9_id4_0000.mp4,14,0.208137583151219,Fake,14
id16_id3_0001.mp4,11,0.262606073713227,Fake,10
00111.mp4,3,0.335688111527966,Real,15
id7_id12_0004.mp4,0,0.319644057384972,Fake,24
id17_id2_0003.mp4,1,0.293034786469031,Fake,8
id3_id2_0005.mp4,10,0.287886607557694,Fake,13
id16_id17_0004.mp4,11,0.24593120956337,Fake,13
id12_id7_0005.mp4,7,0.264817429430152,Fake,10
id2_id1_0002.mp4,8,0.268362286854567,Fake,12
id16_id17_0003.mp4,7,0.248161827870007,Fake,10
id2_id0_0001.mp4,4,0.252270902210403,Fake,12
id11_0000.mp4,8,0.284761580628321,Real,12
id12_0000.mp4,0,0.39807056901497,Real,12
id3_id17_0001.mp4,7,0.260438263296908,Fake,12
id13_0001.mp4,1,0.374893376545996,Real,11
00219.mp4,4,0.298828546843819,Real,16
id1_id4_0005.mp4,6,0.265699997976837,Fake,14
id17_id1_0009.mp4,7,0.28184172083624,Fake,9
id16_id6_0009.mp4,3,0.289322674949414,Fake,10
id3_id1_0004.mp4,19,0.231034053182164,Fake,16
id2_id0_0002.mp4,7,0.27498456966806,Fake,12
id16_id1_0000.mp4,5,0.279334461610187,Fake,10
00102.mp4,7,0.315559941204118,Real,15
00089.mp4,5,0.311264692016271,Real,16
id7_id10_0003.mp4,8,0.311003667580155,Fake,18
id6_id0_0006.mp4,0,0.292948324849096,Fake,9
id1_0004.mp4,13,0.265741054783296,Real,13
id6_id4_0006.mp4,0,0.324889234881193,Fake,9
id9_id17_0001.mp4,6,0.264493515665967,Fake,14
id9_id4_0004.mp4,4,0.258865335587392,Fake,12
id0_id4_0000.mp4,14,0.235459640765477,Fake,15
id1_id6_0003.mp4,13,0.24073591157186,Fake,15
id1_id0_0007.mp4,7,0.267462383203383,Fake,10
id2_id16_0001.mp4,7,0.218302699000566,Fake,12
id11_id7_0002.mp4,8,0.279499564572087,Fake,11
00044.mp4,9,0.210598074607816,Real,15
id17_id6_0005.mp4,4,0.296216590626838,Fake,10
00017.mp4,3,0.268177527722827,Real,9
id6_id3_0002.mp4,5,0.310705921930122,Fake,20
00142.mp4,18,0.204900053835775,Real,15
00019.mp4,3,0.165095162898133,Real,15
id1_id9_0000.mp4,7,0.237220301549769,Fake,12
00135.mp4,0,0.312237913775497,Real,11
id17_id3_0007.mp4,8,0.275235395187719,Fake,9
id6_id17_0008.mp4,5,0.255850990319301,Fake,12
00197.mp4,13,0.303229307048966,Real,15
00013.mp4,8,0.302660412363286,Real,15
id1_id9_0003.mp4,17,0.205675296734266,Fake,15
00053.mp4,7,0.17513767931198,Real,15
id7_id13_0004.mp4,14,0.27918821710321,Fake,24
00211.mp4,21,0.221845477637359,Real,14
id1_0009.mp4,11,0.274017152550132,Real,13
id8_id7_0003.mp4,9,0.257701742864693,Fake,13
id2_id0_0005.mp4,2,0.307775559207688,Fake,10
id3_0003.mp4,7,0.315809258427664,Real,12
00020.mp4,4,0.297624670885794,Real,15
id4_0006.mp4,9,0.259311242862855,Real,10
id3_id1_0003.mp4,9,0.285553051902096,Fake,12
id10_id7_0006.mp4,0,0.321756023738375,Fake,5
id9_0007.mp4,6,0.27459428502792,Real,15
id9_id3_0006.mp4,4,0.283602662740625,Fake,13
id9_id16_0002.mp4,7,0.24207120904559,Fake,12
id13_id10_0005.mp4,3,0.356093538100698,Fake,10
00159.mp4,7,0.262727181683918,Real,14
id9_id16_0001.mp4,5,0.245843036825658,Fake,14
id10_id11_0003.mp4,4,0.294487931221094,Fake,11
id9_id0_0009.mp4,6,0.232849240361914,Fake,10
id9_id17_0008.mp4,10,0.244829895537746,Fake,15
00179.mp4,1,0.365686859572161,Real,15
id1_id0_0004.mp4,12,0.252810626475741,Fake,13
id16_id17_0012.mp4,8,0.257917378557853,Fake,10
id16_id1_0010.mp4,9,0.237598605474407,Fake,10
00240.mp4,22,0.1922169199344,Real,15
id0_0001.mp4,5,0.31538643487888,Real,10
id2_id17_0004.mp4,7,0.268019836622381,Fake,14
00246.mp4,7,0.304865442852989,Real,15
id3_id0_0003.mp4,8,0.271572526298378,Fake,12
00224.mp4,7,0.347480679835701,Real,14
00244.mp4,0,0.32870204495883,Real,9
id4_id3_0008.mp4,2,0.296511572143354,Fake,10
id3_id6_0006.mp4,0,0.352431066758625,Fake,13
id6_0003.mp4,0,0.332571993367454,Real,12
id16_id3_0009.mp4,7,0.270603658010969,Fake,10
id4_id0_0006.mp4,3,0.264388431255031,Fake,10
id17_id2_0004.mp4,1,0.341959032163976,Fake,10
id3_0007.mp4,2,0.356536780148613,Real,12
00080.mp4,6,0.218153836689216,Real,15
id0_id2_0000.mp4,10,0.270701488586031,Fake,15
id0_id1_0001.mp4,4,0.290408238784304,Fake,10
id11_id7_0010.mp4,7,0.259323845781171,Fake,11
id3_id9_0002.mp4,1,0.33819776409724,Fake,14
id4_id0_0009.mp4,14,0.246078418667894,Fake,16
id0_id3_0000.mp4,9,0.275387440016537,Fake,15
00049.mp4,0,0.341922601049527,Real,15
id1_id6_0005.mp4,4,0.303160247275675,Fake,14
00233.mp4,14,0.299497722957184,Real,15
id2_id3_0009.mp4,6,0.293716555335248,Fake,10
id3_id1_0005.mp4,7,0.261649081884815,Fake,13
id8_0003.mp4,7,0.252797720269873,Real,13
id2_id16_0003.mp4,8,0.244221118187082,Fake,12
id11_id7_0009.mp4,5,0.272222223295644,Fake,13
id10_id11_0006.mp4,0,0.316392961868887,Fake,5
00196.mp4,13,0.33192082911273,Real,16
id16_0010.mp4,11,0.19845649463273,Real,10
id1_0005.mp4,4,0.288595139070522,Real,14
00177.mp4,11,0.320517221204507,Real,17
id0_0006.mp4,3,0.301707837036089,Real,17
id8_id1_0007.mp4,3,0.2741285228136,Fake,12
id9_id3_0002.mp4,2,0.286290984970495,Fake,12
id0_id6_0007.mp4,1,0.354822513161757,Fake,15
id3_id2_0001.mp4,2,0.327823263181717,Fake,12
id16_id1_0002.mp4,5,0.302884212414404,Fake,12
id11_id7_0003.mp4,7,0.26035913918177,Fake,10
id6_0000.mp4,2,0.336176341225874,Real,21
id4_id0_0007.mp4,11,0.264738526811862,Fake,14
id3_id2_0000.mp4,5,0.316416232069365,Fake,15
id16_id3_0011.mp4,2,0.319990786974456,Fake,9
id9_id17_0000.mp4,9,0.216063818927576,Fake,14
id1_id9_0001.mp4,2,0.290049170390903,Fake,9
00149.mp4,7,0.306732619374346,Real,16
id2_id6_0004.mp4,4,0.319833746089359,Fake,14
id3_id16_0004.mp4,14,0.213974579938927,Fake,16
00236.mp4,6,0.279413830238069,Real,15
id16_id17_0000.mp4,5,0.273110934860664,Fake,10
00052.mp4,12,0.295387158676237,Real,15
00054.mp4,1,0.28423142300555,Real,13
id0_0000.mp4,10,0.249595781832942,Real,15
id4_id3_0003.mp4,8,0.265683394368074,Fake,14
id6_id17_0004.mp4,8,0.278238584693339,Fake,15
00242.mp4,14,0.298259470556357,Real,14
id1_id17_0004.mp4,10,0.235983079600145,Fake,13
id16_id1_0005.mp4,5,0.282810390344545,Fake,11
id10_id12_0003.mp4,0,0.319634943133384,Fake,11
id0_id4_0002.mp4,19,0.214070338458394,Fake,11
00063.mp4,0,0.305674885975007,Real,15
00008.mp4,2,0.372301952422407,Real,15
id6_0004.mp4,0,0.344084610587509,Real,15
id2_0009.mp4,11,0.308372267407951,Real,10
id3_id0_0001.mp4,5,0.296532438257167,Fake,12
00189.mp4,8,0.209963504850128,Real,13
00131.mp4,5,0.278854591255567,Real,11
id10_id11_0001.mp4,0,0.349184042077134,Fake,3
id13_id10_0003.mp4,4,0.328182864244167,Fake,11
id16_id3_0002.mp4,2,0.332325965618636,Fake,12
id9_id3_0005.mp4,8,0.281606878906416,Fake,14
id2_0004.mp4,5,0.318135588381668,Real,14
00079.mp4,8,0.26669189970145,Real,12
id2_id9_0009.mp4,6,0.265109857289669,Fake,10
id0_id17_0002.mp4,6,0.181907985424832,Fake,11
00190.mp4,12,0.268534609011142,Real,15
id2_id1_0007.mp4,3,0.301405035222137,Fake,15
00201.mp4,1,0.329438709817308,Real,15
00172.mp4,1,0.332295401010542,Real,11
id7_id12_0005.mp4,4,0.230624268160729,Fake,5
id1_0007.mp4,8,0.281349233897986,Real,10
00168.mp4,3,0.275065766622724,Real,15
id6_id16_0008.mp4,11,0.239914448593729,Fake,12
id9_id1_0008.mp4,11,0.256459623940881,Fake,15
id1_id3_0004.mp4,12,0.262393663207754,Fake,13
id9_id0_0004.mp4,5,0.287089308083249,Fake,12
00027.mp4,0,0.382797509494691,Real,16
id9_id3_0000.mp4,13,0.277298916493095,Fake,14
id4_0002.mp4,13,0.252061640583348,Real,16
id1_id17_0009.mp4,10,0.268192098626232,Fake,13
id0_id16_0009.mp4,17,0.218204331804038,Fake,17
id8_id3_0003.mp4,14,0.259739899020262,Fake,13
id6_id2_0009.mp4,1,0.339728634284737,Fake,17
id16_0007.mp4,3,0.267339567510546,Real,9
00235.mp4,6,0.310644303252017,Real,16
id6_0002.mp4,0,0.329571912422149,Real,20
id10_0001.mp4,0,0.356376483628493,Real,4
00069.mp4,0,0.336298453301532,Real,14
00098.mp4,6,0.261212392083952,Real,15
id8_id5_0007.mp4,3,0.310081957663575,Fake,12
id17_0005.mp4,10,0.254423257332405,Real,10
id2_id3_0006.mp4,5,0.333350422983838,Fake,12
id9_id16_0003.mp4,9,0.244397954550798,Fake,16
00192.mp4,3,0.372665671917429,Real,15
id6_0009.mp4,4,0.298719663026436,Real,17
id1_id16_0009.mp4,13,0.255817575703431,Fake,13
id2_id9_0007.mp4,5,0.274215832814594,Fake,15
00124.mp4,8,0.269337886889586,Real,14
id0_id9_0009.mp4,18,0.229353300069577,Fake,17
00139.mp4,13,0.290164194122151,Real,18
id6_id2_0006.mp4,0,0.346319271651312,Fake,9
00169.mp4,0,0.317031392302371,Real,14
id17_id0_0009.mp4,7,0.24752247498416,Fake,9
id4_id1_0008.mp4,4,0.28842703892917,Fake,10
id17_id9_0000.mp4,2,0.297481700398955,Fake,10
id3_id1_0008.mp4,15,0.252429711829831,Fake,15
id13_id7_0005.mp4,2,0.326912597562476,Fake,10
id8_0008.mp4,13,0.26863758209165,Real,19
id16_id6_0000.mp4,0,0.321377872623441,Fake,10
id16_id17_0010.mp4,22,0.2212883084512,Fake,10
id16_id17_0002.mp4,3,0.299562262935491,Fake,12
id2_id17_0001.mp4,13,0.221219151448594,Fake,12
00036.mp4,3,0.298117590066944,Real,18
00165.mp4,4,0.379923821348761,Real,15
id9_id1_0006.mp4,10,0.263437184079216,Fake,13
id17_id16_0006.mp4,4,0.265907664183605,Fake,6
id11_0005.mp4,2,0.29585578994028,Real,10
00230.mp4,14,0.243925979095394,Real,15
00006.mp4,3,0.343169882722157,Real,16
id1_id4_0003.mp4,19,0.227717355872702,Fake,15
id6_id17_0002.mp4,11,0.269630041470436,Fake,20
id4_id6_0004.mp4,2,0.345002928788954,Fake,14
id1_id2_0003.mp4,14,0.258865608062573,Fake,15
id1_id0_0009.mp4,11,0.280124842063602,Fake,13
00015.mp4,0,0.347969507982098,Real,14
00167.mp4,4,0.33668553500367,Real,15
id16_id1_0013.mp4,7,0.234281449336211,Fake,10
id11_id7_0000.mp4,6,0.292169591991765,Fake,11
id0_id4_0006.mp4,6,0.259305190890608,Fake,17
id17_id2_0005.mp4,4,0.303980621530571,Fake,10
id6_id0_0007.mp4,5,0.30035978060201,Fake,18
00175.mp4,9,0.268898690206136,Real,16
id11_0007.mp4,3,0.334729734046666,Real,10
id16_id6_0002.mp4,0,0.33734278598546,Fake,12
id9_id1_0000.mp4,14,0.210232420180288,Fake,14
00023.mp4,16,0.250065856885794,Real,15
id3_id6_0003.mp4,0,0.324110208743567,Fake,12
00133.mp4,16,0.250759213520153,Real,16
00146.mp4,17,0.292007417316308,Real,24
00229.mp4,0,0.399804502876261,Real,17
00057.mp4,14,0.277994516719877,Real,15
id4_id6_0006.mp4,0,0.298560326845998,Fake,10
id0_id3_0008.mp4,11,0.254362001313988,Fake,15
id17_id16_0002.mp4,16,0.201977106846687,Fake,11
id2_id16_0009.mp4,7,0.274024667690803,Fake,10
id6_0008.mp4,1,0.31380814715826,Real,12
id2_id3_0001.mp4,8,0.296757337385508,Fake,12
id16_id3_0005.mp4,1,0.345687861356858,Fake,11
id10_id7_0008.mp4,1,0.353771919689852,Fake,12
id16_id6_0004.mp4,5,0.307450278790786,Fake,13
id2_0003.mp4,5,0.294977632044501,Real,12
id1_id0_0002.mp4,6,0.26995464869406,Fake,13
id6_id4_0001.mp4,4,0.266558674149996,Fake,10
00119.mp4,2,0.310932150416113,Real,14
id0_id9_0008.mp4,11,0.242915564088685,Fake,15
id12_id7_0000.mp4,1,0.355599559533916,Fake,12
00003.mp4,8,0.282560858899683,Real,9
id7_id10_0009.mp4,4,0.324736199555455,Fake,15
id9_id0_0005.mp4,12,0.250296947103682,Fake,14
id13_id7_0004.mp4,7,0.23102171069355,Fake,11
id1_id3_0000.mp4,8,0.257476785094953,Fake,12
id3_id0_0007.mp4,5,0.291239066135198,Fake,12
id0_id4_0005.mp4,8,0.17347828537786,Fake,15
id4_id3_0000.mp4,14,0.256412946728101,Fake,15
id17_id6_0002.mp4,11,0.24119171867175,Fake,11
id2_id6_0001.mp4,7,0.283718763038016,Fake,12
id16_id9_0005.mp4,6,0.297503072144208,Fake,11
id2_id1_0009.mp4,6,0.291239560771003,Fake,10
id3_id6_0001.mp4,1,0.31713202697122,Fake,12
id17_id9_0001.mp4,14,0.237001997480805,Fake,10
id17_id2_0001.mp4,4,0.275038758112631,Fake,10
00176.mp4,4,0.300113989727168,Real,20
id16_id3_0007.mp4,4,0.29590186801203,Fake,9
id9_id6_0002.mp4,0,0.300355512246371,Fake,12
00155.mp4,8,0.292357518050102,Real,19
id11_id7_0006.mp4,4,0.336617271414101,Fake,10
id16_id9_0003.mp4,8,0.253741303389032,Fake,10
id6_id9_0000.mp4,2,0.338232022397581,Fake,21
id17_0001.mp4,17,0.226199518634993,Real,10
id17_id1_0004.mp4,2,0.289155106467093,Fake,10
id6_id0_0001.mp4,7,0.25698071455798,Fake,10
00153.mp4,8,0.287077037712204,Real,16
00093.mp4,13,0.266333418275602,Real,16
00227.mp4,13,0.303178456460551,Real,15
id13_id10_0014.mp4,4,0.328976593795746,Fake,13
id6_id3_0008.mp4,3,0.275743872786802,Fake,12
id1_id3_0002.mp4,4,0.289429001241357,Fake,13
id3_id16_0008.mp4,19,0.23725537784415,Fake,15
id4_id6_0009.mp4,1,0.304763963931623,Fake,16
id9_id0_0008.mp4,16,0.22448743531473,Fake,15
00170.mp4,1,0.360120103208116,Real,11
id4_id0_0008.mp4,6,0.289821643547065,Fake,10
id17_id16_0007.mp4,7,0.22932592587749,Fake,9
id0_id2_0004.mp4,3,0.295210364292267,Fake,10
id6_id9_0003.mp4,4,0.299494792226794,Fake,12
id7_0002.mp4,1,0.348363879793415,Real,9
id16_id0_0006.mp4,1,0.290110730339979,Fake,7
id17_id9_0002.mp4,16,0.212382597183543,Fake,11
id0_id1_0002.mp4,11,0.227253938001786,Fake,11
00065.mp4,12,0.247554441200426,Real,16
00247.mp4,8,0.304013275063845,Real,15
00215.mp4,3,0.26228384552676,Real,15
id10_0006.mp4,0,0.316583331857092,Real,5
id17_id16_0009.mp4,13,0.244098937370631,Fake,9
id13_id10_0001.mp4,1,0.374841472249864,Fake,11
id1_id2_0002.mp4,5,0.310080992460379,Fake,13
id3_id2_0003.mp4,4,0.333552787707869,Fake,12
id1_id17_0007.mp4,8,0.267802662936021,Fake,10
id1_id6_0009.mp4,2,0.302916464699605,Fake,13
id16_id1_0011.mp4,4,0.29255966047896,Fake,9
id0_id17_0005.mp4,7,0.186415736009189,Fake,15
id8_id2_0002.mp4,9,0.333221974488654,Fake,17
id3_id9_0009.mp4,5,0.282747461500056,Fake,16
id13_id10_0015.mp4,5,0.322496753433714,Fake,16
id17_id0_0001.mp4,15,0.221093740526538,Fake,10
id17_id2_0000.mp4,0,0.365455388577714,Fake,10
id3_id16_0002.mp4,7,0.305870171722391,Fake,14
id6_id16_0005.mp4,2,0.293659974636819,Fake,12
id13_id7_0008.mp4,8,0.315864771911502,Fake,15
id2_id9_0000.mp4,9,0.247593454327487,Fake,14
id3_id6_0005.mp4,7,0.293925322586901,Fake,13
id9_id16_0004.mp4,6,0.285760067686217,Fake,12
id16_id17_0001.mp4,10,0.237955903006119,Fake,10
id17_id1_0002.mp4,13,0.237121579670489,Fake,11
id9_id4_0005.mp4,13,0.23477951437294,Fake,14
id10_id12_0006.mp4,0,0.311977619421807,Fake,5
id6_id3_0000.mp4,4,0.342497324691473,Fake,21
id13_id7_0015.mp4,11,0.284518542324931,Fake,16
id3_id1_0002.mp4,2,0.316461772421888,Fake,14
id2_id16_0002.mp4,10,0.250687949342691,Fake,12
00096.mp4,1,0.377064402191754,Real,10
id0_id3_0009.mp4,9,0.280220612104487,Fake,17
00156.mp4,4,0.315275571386534,Real,14
id6_id1_0000.mp4,3,0.325599492568781,Fake,21
id16_id0_0005.mp4,4,0.301336620563941,Fake,11
id6_id9_0007.mp4,5,0.299976571374598,Fake,18
id3_id9_0000.mp4,7,0.292754005863746,Fake,15
id0_0004.mp4,3,0.268698637919652,Real,10
00106.mp4,0,0.375827621285094,Real,10
id8_id7_0008.mp4,16,0.25593785403832,Fake,19
id9_id4_0001.mp4,10,0.24373122416375,Fake,14
00185.mp4,11,0.300456343903684,Real,15
id12_id10_0002.mp4,0,0.362487664193218,Fake,12
id2_id16_0004.mp4,9,0.291265696300235,Fake,14
id1_id3_0007.mp4,5,0.286069680595752,Fake,10
id0_id6_0009.mp4,1,0.303445514373601,Fake,17
id8_id9_0003.mp4,12,0.253636557375017,Fake,13
id2_id17_0007.mp4,3,0.272571528715032,Fake,15
id9_id17_0003.mp4,7,0.263064981661243,Fake,16
id13_id10_0000.mp4,1,0.380301763445778,Fake,10
id2_id9_0002.mp4,5,0.272889612416368,Fake,12
00223.mp4,4,0.377876251745987,Real,16
id8_id1_0008.mp4,23,0.253839771363326,Fake,19
00248.mp4,19,0.25938833421312,Real,16
00125.mp4,4,0.242660511775917,Real,9
id12_0006.mp4,0,0.336011784269398,Real,10
id16_id1_0004.mp4,13,0.26261846805668,Fake,13
id1_id6_0000.mp4,12,0.253483537657134,Fake,12
id16_0013.mp4,6,0.192886375631675,Real,10
id7_id10_0004.mp4,10,0.31238306556867,Fake,24
00166.mp4,6,0.235215553448298,Real,15
id11_0001.mp4,4,0.325331752935238,Real,14
id6_id9_0005.mp4,2,0.31181563899462,Fake,12
id4_id1_0001.mp4,13,0.250292085617783,Fake,15
id8_0007.mp4,0,0.330654760906076,Real,12
00108.mp4,1,0.300534479696838,Real,15
id6_id16_0009.mp4,9,0.267847898403029,Fake,17
id1_id17_0005.mp4,4,0.273545469943179,Fake,14
id0_0007.mp4,12,0.299108882964774,Real,15
00180.mp4,0,0.32191836188926,Real,11
00075.mp4,7,0.297541854719457,Real,15
id4_id2_0006.mp4,2,0.307608292842604,Fake,10
00064.mp4,12,0.240030296306608,Real,14
00241.mp4,18,0.24004625333796,Real,14
00061.mp4,5,0.26966596872927,Real,13
00104.mp4,14,0.233334968669755,Real,16
id0_id9_0000.mp4,12,0.24795724902542,Fake,15
id9_0002.mp4,7,0.264765893331412,Real,12
id9_id16_0007.mp4,8,0.227204289510054,Fake,15
id7_0001.mp4,4,0.296071424285499,Real,9
00107.mp4,23,0.19704881372485,Real,15
id17_id6_0001.mp4,4,0.274528052637864,Fake,10
id7_id12_0000.mp4,2,0.258938824777206,Fake,9
id17_id1_0005.mp4,8,0.29748583433546,Fake,10
id9_id17_0006.mp4,11,0.249330725700574,Fake,13
id4_id6_0005.mp4,3,0.292473367052418,Fake,15
id10_0009.mp4,3,0.414881866147913,Real,17
id6_id4_0005.mp4,2,0.311188827739322,Fake,12
id9_id1_0005.mp4,13,0.241284721143042,Fake,14
id1_id4_0009.mp4,12,0.249706256622603,Fake,13
id10_id13_0004.mp4,2,0.365867839563679,Fake,17
id1_id9_0004.mp4,11,0.217103456475595,Fake,13
00042.mp4,9,0.280468212427657,Real,12
id2_id4_0003.mp4,7,0.262514329055104,Fake,12
id9_id17_0002.mp4,4,0.264194066836341,Fake,12
id1_id6_0007.mp4,5,0.282495727768229,Fake,10
id13_0003.mp4,4,0.316595058400882,Real,11
00158.mp4,0,0.351908352436001,Real,15
00113.mp4,27,0.217518241673459,Real,16
id3_0009.mp4,4,0.311260824176026,Real,16
id4_0000.mp4,18,0.226507306235327,Real,15
id8_0000.mp4,0,0.356545372356345,Real,15
id6_id2_0007.mp4,2,0.361288803460767,Fake,18
id12_id7_0001.mp4,2,0.317250392959714,Fake,13
00213.mp4,19,0.211222864252625,Real,15
id3_0000.mp4,9,0.292288735981621,Real,15
id4_0008.mp4,5,0.271814362737996,Real,10
id16_id0_0001.mp4,9,0.240783466265965,Fake,10
id17_id6_0009.mp4,0,0.309714986987784,Fake,9
id1_id2_0006.mp4,7,0.324954060588023,Fake,16
id13_id10_0011.mp4,6,0.285220767113475,Fake,15
id2_id9_0005.mp4,2,0.303137086040122,Fake,10
id1_id2_0005.mp4,3,0.313810043231753,Fake,14
id4_id3_0005.mp4,4,0.299419920079783,Fake,15
id1_id9_0005.mp4,4,0.300435791493921,Fake,14
id16_0011.mp4,4,0.27488652662638,Real,9
id9_id2_0001.mp4,8,0.30116321281205,Fake,14
00205.mp4,9,0.293880215525326,Real,15
id1_id4_0006.mp4,8,0.274437326383039,Fake,16
id16_id0_0007.mp4,4,0.264101818382871,Fake,9
id0_id2_0007.mp4,9,0.341770815281193,Fake,15
id3_id4_0004.mp4,20,0.245010636004556,Fake,16
id6_id3_0007.mp4,0,0.360911983384445,Fake,18
id8_0005.mp4,0,0.367079525770613,Real,7
id13_0005.mp4,2,0.31549790445299,Real,10
id4_id6_0007.mp4,5,0.271848587676551,Fake,14
id17_id0_0003.mp4,4,0.277078562301559,Fake,8
id6_id17_0009.mp4,3,0.269999638921763,Fake,17
id3_id2_0006.mp4,8,0.339539040509743,Fake,13
id10_0003.mp4,3,0.292316944288545,Real,11
id1_0001.mp4,2,0.305694711301066,Real,9
id4_id1_0002.mp4,12,0.25060584111728,Fake,16
00132.mp4,5,0.225717650213474,Real,11
id1_id4_0001.mp4,3,0.279629139724682,Fake,9
00151.mp4,0,0.387278869080484,Real,16
id11_0002.mp4,6,0.262120608093366,Real,11
id4_id3_0002.mp4,9,0.275999181879453,Fake,16
id4_id1_0003.mp4,2,0.277444353026029,Fake,14
id17_0009.mp4,5,0.277169054256336,Real,9
id16_id17_0007.mp4,3,0.268059693825094,Fake,9
id13_0012.mp4,4,0.177711972292758,Real,17
id16_id3_0012.mp4,3,0.31169377189094,Fake,10
id16_id0_0010.mp4,8,0.219053467816707,Fake,10
id0_id9_0002.mp4,20,0.200228649961886,Fake,11
id0_id9_0003.mp4,12,0.248198286213135,Fake,17
00109.mp4,14,0.201778511849201,Real,8
00148.mp4,6,0.27539002825499,Real,15
00186.mp4,19,0.216523074112197,Real,17
id2_id17_0009.mp4,5,0.277283110496771,Fake,10
id7_id10_0005.mp4,2,0.21452460352735,Fake,5
id17_id1_0006.mp4,3,0.289210769962832,Fake,6
id0_id2_0005.mp4,12,0.255506505657826,Fake,15
id16_id6_0012.mp4,1,0.326295364460225,Fake,10
00206.mp4,2,0.342431864013071,Real,15
id9_0005.mp4,11,0.247110378776928,Real,14
id16_id1_0009.mp4,6,0.22352374442772,Fake,10
00030.mp4,8,0.264339087108035,Real,15
id13_id7_0007.mp4,5,0.301727101374971,Fake,15
id6_id16_0006.mp4,0,0.292800805138728,Fake,9
id0_id16_0005.mp4,9,0.183983574273275,Fake,15
id6_id16_0002.mp4,14,0.256090089818397,Fake,20
id6_id16_0004.mp4,11,0.274625739060752,Fake,15
00084.mp4,6,0.31712190629819,Real,13
00181.mp4,0,0.336664435444918,Real,13
id16_id0_0011.mp4,4,0.284107499446902,Fake,9
id13_0015.mp4,5,0.314626461220562,Real,16
id8_id6_0007.mp4,0,0.305934961722215,Fake,12
id2_id4_0000.mp4,9,0.243037743579022,Fake,14
id1_id17_0001.mp4,2,0.27981832234325,Fake,9
id11_id7_0007.mp4,2,0.343890723258591,Fake,10
00171.mp4,7,0.16287423873173,Real,14
id3_id4_0006.mp4,13,0.280384746856246,Fake,13
00145.mp4,0,0.319564532301609,Real,15
id16_id1_0001.mp4,13,0.244631606327048,Fake,10
id17_0003.mp4,4,0.25380211121025,Real,8
id1_id3_0006.mp4,7,0.306153513233909,Fake,16
id7_id11_0006.mp4,4,0.327852292753133,Fake,7
id17_id16_0001.mp4,16,0.206795212528421,Fake,10
00082.mp4,10,0.310199111949332,Real,15
id7_id13_0000.mp4,7,0.220368940166006,Fake,9
id2_id3_0003.mp4,6,0.27616019127894,Fake,12
id2_id9_0004.mp4,5,0.303995730732033,Fake,14
00094.mp4,9,0.267566152316825,Real,13
id9_id16_0005.mp4,15,0.231384853669425,Fake,14
id2_id3_0008.mp4,9,0.302651064829944,Fake,17
id1_id16_0004.mp4,12,0.233273709362327,Fake,13
id2_id6_0005.mp4,0,0.332748911900864,Fake,10
id4_id9_0002.mp4,13,0.268795004181952,Fake,16
id8_id2_0007.mp4,0,0.333236439293143,Fake,12
id10_id12_0004.mp4,2,0.366803800679833,Fake,17
id9_id1_0004.mp4,6,0.299336925832374,Fake,12
00066.mp4,20,0.237726173829381,Real,15
id4_id9_0004.mp4,3,0.2921254920486,Fake,14
id9_id0_0003.mp4,7,0.266750146222652,Fake,16
id6_id0_0003.mp4,4,0.277386122601646,Fake,12
id8_id5_0008.mp4,18,0.260282130554567,Fake,19
id9_id6_0000.mp4,8,0.29562930988146,Fake,14
id0_id3_0003.mp4,11,0.284163459975187,Fake,17
00031.mp4,0,0.445086908093345,Real,17
id8_id5_0003.mp4,15,0.247132957322836,Fake,13
id0_id16_0001.mp4,4,0.293528873687478,Fake,10
id16_id2_0009.mp4,9,0.279258442222749,Fake,10
id7_0003.mp4,6,0.278620337897244,Real,18
id8_0009.mp4,6,0.260564197738929,Real,12
id16_id2_0006.mp4,1,0.316367309344151,Fake,7
id8_id2_0008.mp4,19,0.263907398583712,Fake,19
id1_id4_0004.mp4,10,0.235576458623089,Fake,13
id6_0006.mp4,0,0.332576283439092,Real,9
id9_id0_0007.mp4,11,0.223398629045281,Fake,15
id2_id17_0003.mp4,9,0.257706506810114,Fake,12
id17_id3_0003.mp4,3,0.296092723208798,Fake,8
00143.mp4,2,0.274626734914934,Real,15
id6_id0_0008.mp4,3,0.25820143300451,Fake,12
id16_id3_0013.mp4,15,0.235464504679683,Fake,10
id11_0008.mp4,11,0.305131838606737,Real,12
00026.mp4,9,0.310428673077294,Real,16
id9_id16_0009.mp4,18,0.221558554872421,Fake,10
id3_id17_0002.mp4,4,0.309496550775296,Fake,14
id13_id7_0011.mp4,7,0.274012597448063,Fake,15
id16_id6_0010.mp4,13,0.245718939606397,Fake,10
id11_id7_0001.mp4,3,0.317272970242422,Fake,14
id9_id3_0001.mp4,6,0.296479766173232,Fake,14
id11_0006.mp4,4,0.343687749876086,Real,10
id3_id16_0005.mp4,10,0.232926034422991,Fake,13
00050.mp4,4,0.385967506380724,Real,15
id16_id1_0003.mp4,7,0.27995474894205,Fake,10
id17_id1_0000.mp4,2,0.301357059863941,Fake,10
00060.mp4,15,0.298876564738175,Real,15
id6_id3_0004.mp4,3,0.328702209185314,Fake,15
id3_id2_0007.mp4,3,0.343280277906701,Fake,12
id17_0002.mp4,16,0.220595431141573,Real,11
id4_id2_0009.mp4,8,0.300552750655149,Fake,16
id2_id1_0001.mp4,5,0.248294781580018,Fake,12
id7_id13_0009.mp4,14,0.282352571550788,Fake,15
id6_id0_0009.mp4,5,0.275028690272254,Fake,17
id9_0001.mp4,7,0.277661654598996,Real,14
id10_id11_0008.mp4,0,0.369322025783088,Fake,12
id1_id0_0005.mp4,4,0.280263093501349,Fake,14
id12_id7_0006.mp4,0,0.343530207331314,Fake,10
id2_id17_0005.mp4,3,0.292559914743318,Fake,10
id1_0006.mp4,12,0.299485712424458,Real,16
id9_id6_0007.mp4,8,0.271338817749145,Fake,15
id9_id1_0002.mp4,9,0.247779606448852,Fake,12
id0_0005.mp4,6,0.184860929709212,Real,15
00249.mp4,9,0.305539097947332,Real,17
00110.mp4,3,0.380390660624914,Real,15
id13_id7_0001.mp4,1,0.386272004681328,Fake,11
00212.mp4,13,0.239069201999322,Real,13
id4_id0_0003.mp4,15,0.250529185836666,Fake,14
id4_id0_0000.mp4,14,0.220633607039594,Fake,15
id4_id0_0001.mp4,15,0.243570897751455,Fake,15
id0_0002.mp4,13,0.197223465377854,Real,11
id7_id13_0007.mp4,3,0.296457348764092,Fake,13
id3_0008.mp4,18,0.27130278828734,Real,15
id13_0014.mp4,2,0.332708765863283,Real,13
id16_id17_0009.mp4,11,0.224178813001315,Fake,10
id7_id10_0002.mp4,1,0.390688293483048,Fake,9
id9_id16_0008.mp4,15,0.229810225893344,Fake,15
id8_id3_0007.mp4,1,0.33957263439297,Fake,12
00058.mp4,6,0.28513896153424,Real,16
id0_id1_0007.mp4,11,0.304792501889871,Fake,15
id4_id6_0000.mp4,4,0.291622985564948,Fake,15
id13_id7_0003.mp4,6,0.322141470575488,Fake,11
id0_id2_0003.mp4,9,0.307432354924714,Fake,17
00039.mp4,7,0.275220775836071,Real,15
id2_id4_0002.mp4,9,0.2527477233632,Fake,12
id17_id16_0004.mp4,8,0.262341767140827,Fake,10
id10_id7_0007.mp4,5,0.303776286534664,Fake,16
00182.mp4,6,0.233732637397069,Real,15
id13_id10_0012.mp4,1,0.167147716852172,Fake,17
id0_id2_0002.mp4,5,0.2850586819016,Fake,11
id1_id17_0002.mp4,8,0.267553642711911,Fake,13
id1_id16_0001.mp4,2,0.267372199862898,Fake,9
id8_id4_0007.mp4,2,0.281563274612714,Fake,12
00097.mp4,31,0.182392120992512,Real,16
00103.mp4,4,0.385769769681999,Real,15
id2_id6_0006.mp4,2,0.353736822435726,Fake,12
id7_id11_0004.mp4,12,0.29104452460971,Fake,24
id3_id9_0005.mp4,8,0.27973975124991,Fake,13
00045.mp4,7,0.288788607559725,Real,15
id17_id16_0003.mp4,9,0.230196156915032,Fake,8
id13_0007.mp4,4,0.328486799459271,Real,15
id2_id4_0007.mp4,5,0.277401367653417,Fake,15
id0_id6_0006.mp4,5,0.282601227126668,Fake,17
00081.mp4,11,0.320571879683092,Real,15
id10_0002.mp4,1,0.383589680256555,Real,10
00207.mp4,0,0.335717234534807,Real,4
id17_id3_0009.mp4,0,0.299117345537848,Fake,9
id11_id7_0004.mp4,5,0.293874138250313,Fake,11
id0_id17_0009.mp4,17,0.229593832659299,Fake,17
id13_0009.mp4,5,0.265722224873907,Real,14
id2_id16_0000.mp4,15,0.222581230858773,Fake,14
00184.mp4,4,0.233620030513375,Real,15
id16_id17_0005.mp4,6,0.304843393512975,Fake,11
id1_id3_0005.mp4,4,0.289537931413919,Fake,14
id9_0008.mp4,12,0.230727230741286,Real,15
id2_id4_0008.mp4,10,0.275352446692794,Fake,17
id2_0001.mp4,5,0.30065304736047,Real,12
id12_0002.mp4,0,0.357226644507696,Real,12
id9_id2_0006.mp4,12,0.2872578080677,Fake,13
00041.mp4,4,0.246004085814242,Real,15
id8_id7_0002.mp4,7,0.264419828074622,Fake,17
id3_id17_0005.mp4,11,0.244996178169208,Fake,13
id16_0012.mp4,4,0.267815204725657,Real,10
00040.mp4,5,0.365403246120438,Real,12
id10_0008.mp4,0,0.384726528683255,Real,12
00114.mp4,3,0.300297370596116,Real,11
id7_id13_0006.mp4,1,0.318659632641855,Fake,7
id1_id16_0003.mp4,17,0.186068126584087,Fake,15
id16_id0_0000.mp4,7,0.270042343986985,Fake,10
id16_id17_0006.mp4,2,0.272674743527853,Fake,7
id12_0004.mp4,4,0.27940707696515,Real,11
id6_id4_0008.mp4,2,0.295126913490704,Fake,12
00091.mp4,5,0.292306953877335,Real,15
id11_0009.mp4,4,0.280639642296267,Real,13
00178.mp4,9,0.34526727968122,Real,15
id2_id9_0008.mp4,9,0.281177079022122,Fake,17
id2_id17_0008.mp4,10,0.265749977794437,Fake,17
id6_id4_0009.mp4,2,0.288475253871053,Fake,17
id9_id4_0009.mp4,20,0.213885011040152,Fake,10
00122.mp4,14,0.231286930656313,Real,12
id16_id3_0000.mp4,3,0.311371499338469,Fake,10
id3_id6_0004.mp4,7,0.294530127355732,Fake,16
id17_id9_0003.mp4,3,0.273822746554445,Fake,8
00194.mp4,11,0.289095668035574,Real,15
id9_id16_0006.mp4,12,0.24415060151752,Fake,13
id9_id17_0009.mp4,6,0.246436412242149,Fake,10
id9_id2_0008.mp4,9,0.277249081801361,Fake,15
id3_id6_0007.mp4,1,0.346931766291903,Fake,12
id7_id10_0001.mp4,2,0.298486289722746,Fake,9
id2_0008.mp4,7,0.326191123092424,Real,17
id4_id1_0004.mp4,3,0.302347849458749,Fake,14
id4_id3_0009.mp4,5,0.285295993594595,Fake,16
00028.mp4,6,0.33520472465773,Real,15
00115.mp4,0,0.367406807891806,Real,10
id0_id2_0009.mp4,11,0.281479834786222,Fake,17
id9_id4_0006.mp4,8,0.264772641204675,Fake,13
id0_id6_0000.mp4,6,0.265117250798807,Fake,15
id17_id0_0002.mp4,10,0.223432567988746,Fake,11
id17_id6_0000.mp4,0,0.347524545547608,Fake,10
id0_id1_0006.mp4,4,0.288698583179484,Fake,17
id7_id11_0007.mp4,4,0.301774253015708,Fake,13
00220.mp4,11,0.289258101061194,Real,17
id0_id1_0003.mp4,15,0.267156183781928,Fake,17
id3_id1_0001.mp4,6,0.261424170808953,Fake,12
id8_0006.mp4,2,0.349575513678486,Real,17
id6_id0_0005.mp4,2,0.312598014845895,Fake,12
id6_id17_0005.mp4,3,0.295227688434777,Fake,12
id17_id3_0002.mp4,14,0.236340350008736,Fake,11
id16_id0_0009.mp4,7,0.232239052825395,Fake,10
00134.mp4,8,0.278284866291768,Real,16
id7_id10_0007.mp4,4,0.314272631553075,Fake,13
00208.mp4,6,0.293470872978079,Real,15
id4_0005.mp4,5,0.282322477260564,Real,15
id10_0007.mp4,5,0.334236159476587,Real,16
id16_id9_0004.mp4,13,0.254223622383971,Fake,13
id2_id9_0001.mp4,4,0.267571047638735,Fake,12
id16_0008.mp4,10,0.263869938996137,Real,11
id3_id17_0006.mp4,7,0.272219796586031,Fake,13
00024.mp4,7,0.31284076895035,Real,18
id1_id17_0006.mp4,11,0.263818378626828,Fake,16
id17_id0_0004.mp4,3,0.296912028444559,Fake,10
id1_0003.mp4,17,0.221000450975346,Real,15
id6_id17_0000.mp4,4,0.298481882483166,Fake,21
id2_id17_0002.mp4,8,0.26092851084542,Fake,12
00101.mp4,7,0.334167993218127,Real,14
id12_0005.mp4,4,0.291596328293392,Real,10
id4_id1_0000.mp4,14,0.230399836535848,Fake,15
00116.mp4,18,0.274510626652902,Real,15
id8_0001.mp4,3,0.287337686430788,Real,15
00025.mp4,4,0.298719764743052,Real,15
00202.mp4,7,0.331478435574167,Real,16
id4_id6_0008.mp4,1,0.305036541548593,Fake,10
id2_id0_0004.mp4,6,0.306588514521705,Fake,14
id3_id0_0002.mp4,3,0.309559158888636,Fake,14
id9_0000.mp4,15,0.230853706418759,Real,14
id2_id4_0006.mp4,7,0.307012115334798,Fake,12
00035.mp4,10,0.282475336375342,Real,15
id2_id16_0006.mp4,5,0.282692075129035,Fake,12
id4_id0_0005.mp4,8,0.267428477256795,Fake,15
id2_0007.mp4,0,0.333895167018966,Real,15
id9_id6_0006.mp4,3,0.30758073113956,Fake,13
id10_0004.mp4,3,0.388877944962408,Real,17
id16_id2_0003.mp4,4,0.296090501523979,Fake,10
id2_id3_0002.mp4,1,0.305293114508913,Fake,12
00100.mp4,9,0.266645901246607,Real,17
id2_id6_0003.mp4,0,0.305923752683529,Fake,12
00195.mp4,8,0.274139602082261,Real,16
id4_id6_0002.mp4,0,0.310902784444441,Fake,16
id1_id9_0009.mp4,10,0.276372251664137,Fake,13
00112.mp4,18,0.252336413219964,Real,15
id1_id0_0006.mp4,9,0.274379953324261,Fake,16
id17_id9_0007.mp4,6,0.254987207990455,Fake,9
00034.mp4,14,0.216339883957808,Real,16
id0_id2_0008.mp4,6,0.285475240921561,Fake,15
id11_0004.mp4,3,0.312317413304131,Real,11
id0_id9_0001.mp4,2,0.295162935332941,Fake,10
00193.mp4,3,0.397759598661187,Real,11
id1_id4_0002.mp4,9,0.267761513941143,Fake,13
id13_0000.mp4,1,0.38123988218899,Real,10
id16_id2_0010.mp4,4,0.253196106416654,Fake,10
id1_id3_0009.mp4,4,0.319719635537905,Fake,13
id7_0005.mp4,1,0.191751599391747,Real,5
00038.mp4,13,0.182704329780083,Real,15
id4_id3_0006.mp4,5,0.281896472536094,Fake,10
id6_id1_0004.mp4,6,0.310662427367611,Fake,15
id4_id2_0000.mp4,5,0.266330405150375,Fake,15
id3_id9_0001.mp4,3,0.307659386800313,Fake,12
00188.mp4,13,0.263900258610607,Real,15
id13_id7_0012.mp4,1,0.157472140519748,Fake,17
id17_id9_0006.mp4,2,0.267203192187595,Fake,6
id9_id2_0007.mp4,9,0.261735223141713,Fake,15
id6_id9_0004.mp4,6,0.293626067220047,Fake,15
id9_id16_0000.mp4,13,0.213465339548683,Fake,14
id7_id11_0009.mp4,7,0.30584687830326,Fake,15
00077.mp4,5,0.293979683643691,Real,15
id10_id7_0009.mp4,4,0.361139427490351,Fake,17
00016.mp4,3,0.288809709597623,Real,10
id6_id3_0006.mp4,0,0.316263244283319,Fake,9
id3_0004.mp4,13,0.267200322750958,Real,16
id17_id6_0007.mp4,5,0.281721163192519,Fake,9
id4_id2_0003.mp4,1,0.327940173238899,Fake,14
id6_id17_0007.mp4,3,0.316072530709959,Fake,18
id4_id9_0001.mp4,16,0.231257483982946,Fake,15
id16_id6_0001.mp4,2,0.292828000943913,Fake,10
id2_id0_0008.mp4,7,0.273069245794477,Fake,17
00001.mp4,8,0.224174486364025,Real,13
id2_id6_0009.mp4,9,0.310048836717879,Fake,10
id7_id12_0002.mp4,0,0.368278260546229,Fake,9
id17_id16_0000.mp4,2,0.297544805106551,Fake,10
id16_0006.mp4,4,0.261630015159535,Real,7
id10_id11_0004.mp4,2,0.36427931210317,Fake,17
id2_id4_0009.mp4,4,0.272961021931533,Fake,10
id0_id9_0007.mp4,11,0.276434704381882,Fake,15
id0_id6_0001.mp4,2,0.319830266172713,Fake,10
id3_id16_0003.mp4,12,0.254682228441452,Fake,12
id9_id17_0004.mp4,6,0.271539222068819,Fake,12
id3_id0_0000.mp4,14,0.259074681741083,Fake,15
id1_id6_0001.mp4,1,0.311858590454274,Fake,9
id9_id2_0002.mp4,2,0.305005193650342,Fake,12
00043.mp4,7,0.310167530031017,Real,15
id8_id0_0003.mp4,7,0.204189240621095,Fake,13
id17_id0_0000.mp4,1,0.288630485045152,Fake,10
id1_id0_0003.mp4,16,0.229719735137857,Fake,15
id1_0008.mp4,4,0.293287349429925,Real,17
id9_id4_0008.mp4,9,0.244148532800078,Fake,15
id8_id5_0002.mp4,8,0.28480048074721,Fake,17
00121.mp4,1,0.29806919016155,Real,15
id3_id2_0008.mp4,4,0.295651216673658,Fake,15
id10_id7_0002.mp4,1,0.362657155916358,Fake,10
id11_0010.mp4,8,0.274309222238132,Real,11
id10_0005.mp4,7,0.335227163506044,Real,10
id17_id3_0001.mp4,10,0.255175453580763,Fake,10
id6_id1_0008.mp4,4,0.262875664644948,Fake,12
id7_0007.mp4,4,0.305009588406751,Real,13
id17_id1_0007.mp4,9,0.255579994336388,Fake,9
id7_0009.mp4,9,0.293280118739779,Real,15
id3_id9_0006.mp4,10,0.273433257068553,Fake,13
id3_id17_0009.mp4,5,0.267876494667694,Fake,16
id3_id1_0006.mp4,7,0.273232363427558,Fake,13
id3_id9_0008.mp4,11,0.270092752505452,Fake,15
id9_id3_0007.mp4,9,0.265433206386894,Fake,15
id13_id7_0000.mp4,1,0.387567638619369,Fake,10
id9_0006.mp4,10,0.275756229619043,Real,13
id2_id1_0004.mp4,11,0.285327657338684,Fake,14
id13_id7_0009.mp4,5,0.246681334325246,Fake,14
00032.mp4,8,0.256214782680162,Real,15
id0_0003.mp4,17,0.263804967631253,Real,17
id3_id9_0003.mp4,7,0.285464446163306,Fake,12
00245.mp4,6,0.322582035726778,Real,15
id16_id6_0005.mp4,1,0.368015628027268,Fake,11
id7_0000.mp4,6,0.221155724405837,Real,9
id17_id6_0006.mp4,1,0.308945977465106,Fake,6
00105.mp4,15,0.254697021512149,Real,16
id3_id16_0006.mp4,12,0.27345577209285,Fake,13
id0_id3_0005.mp4,12,0.218339959488942,Fake,15
00014.mp4,12,0.214164835627111,Real,15
id6_id4_0007.mp4,1,0.312866153896917,Fake,18
00022.mp4,14,0.291655058451316,Real,15
id17_id6_0003.mp4,3,0.302234074838426,Fake,8
id10_id13_0001.mp4,0,0.325229521300339,Fake,3
id1_id9_0006.mp4,11,0.288419552946068,Fake,16
id10_0000.mp4,0,0.425476093459421,Real,7
id3_id4_0005.mp4,8,0.262070180580163,Fake,13
id8_id0_0008.mp4,27,0.231722605028146,Fake,19
id6_id9_0002.mp4,9,0.275582687092997,Fake,20
id16_id6_0011.mp4,0,0.3365331400173,Fake,9
00092.mp4,4,0.332070453903785,Real,18
id12_0001.mp4,0,0.352423653884656,Real,13
00004.mp4,1,0.320797040981392,Real,15
id10_id12_0001.mp4,0,0.32439464319644,Fake,3
id4_0009.mp4,10,0.260147371730073,Real,16
id7_id13_0001.mp4,2,0.287685504988926,Fake,9
00047.mp4,12,0.250799731116781,Real,16
id1_id2_0000.mp4,6,0.268247318186891,Fake,12
id0_id17_0006.mp4,11,0.252099804793322,Fake,17
id2_id3_0007.mp4,2,0.312494689766598,Fake,15
id17_id0_0006.mp4,5,0.274184271086691,Fake,6
id4_id3_0004.mp4,1,0.338478467043541,Fake,14
id10_id13_0007.mp4,5,0.307260072270374,Fake,16
id1_id6_0002.mp4,3,0.294444466415556,Fake,13
00144.mp4,12,0.303118063167275,Real,15
id4_0003.mp4,3,0.268505552802113,Real,14
00141.mp4,13,0.224106719645605,Real,14
00126.mp4,16,0.253206261654213,Real,15
id4_id9_0000.mp4,12,0.256364162155215,Fake,15
id6_id3_0001.mp4,3,0.291743873698875,Fake,10
00068.mp4,2,0.319625033482167,Real,15
00137.mp4,6,0.314301637440248,Real,11
id6_id17_0003.mp4,2,0.276971291291101,Fake,12
00051.mp4,1,0.318636229617366,Real,12
id7_0004.mp4,7,0.298292371380239,Real,24
00046.mp4,10,0.251281111779293,Real,15
id17_id2_0002.mp4,12,0.248789176791153,Fake,11
id2_id17_0000.mp4,12,0.232759447009959,Fake,14
00048.mp4,2,0.290563356711845,Real,16
id16_id2_0005.mp4,3,0.340383585610235,Fake,11
id4_id2_0005.mp4,6,0.301543932197778,Fake,15
00203.mp4,14,0.211395435385538,Real,10
id6_id16_0007.mp4,7,0.288360933402166,Fake,18
id6_id0_0004.mp4,4,0.281344603605879,Fake,15
00062.mp4,5,0.339575730179386,Real,15
00147.mp4,5,0.340966201335969,Real,17
id9_id6_0001.mp4,5,0.298602046635021,Fake,14
00129.mp4,12,0.261561449809246,Real,15
id8_id3_0002.mp4,10,0.308447360800925,Fake,17
id9_0003.mp4,14,0.253484654782077,Real,16
00021.mp4,4,0.280431193474023,Real,15
00214.mp4,8,0.336028197217237,Real,14
id0_id2_0006.mp4,4,0.30027642503947,Fake,17
id3_id0_0006.mp4,10,0.271808435854857,Fake,13
00238.mp4,8,0.29947077135661,Real,14
id10_id7_0003.mp4,5,0.282334267951611,Fake,11
id4_id2_0008.mp4,0,0.332080700476038,Fake,10
id4_id2_0001.mp4,16,0.27298314065033,Fake,15
id8_id0_0002.mp4,6,0.242226972211297,Fake,17
id16_id3_0010.mp4,6,0.230753568575832,Fake,10
id16_id9_0012.mp4,9,0.26538432881296,Fake,10
id0_id9_0005.mp4,6,0.18215320665138,Fake,15
00231.mp4,12,0.239238310717422,Real,15
id3_id9_0004.mp4,24,0.228798037346016,Fake,16
id16_id1_0007.mp4,4,0.289684472490684,Fake,9
00152.mp4,22,0.261279165888295,Real,23
id3_id0_0004.mp4,12,0.208483332892724,Fake,16
00033.mp4,10,0.283843684314738,Real,15
id17_id1_0001.mp4,11,0.245852640927486,Fake,10
id2_id3_0000.mp4,5,0.271979380896233,Fake,14
id4_id1_0006.mp4,9,0.256824556703266,Fake,10
00037.mp4,10,0.310429495304955,Real,15
id17_id0_0007.mp4,5,0.235676274744068,Fake,9
id7_id12_0009.mp4,0,0.296947779475166,Fake,15
id9_id2_0004.mp4,3,0.320371737575078,Fake,12
id13_id10_0004.mp4,7,0.245463265780109,Fake,11
id16_id9_0000.mp4,3,0.305237945751786,Fake,10
id6_id1_0002.mp4,9,0.288987103390845,Fake,20
id8_id9_0008.mp4,18,0.245524593116292,Fake,19
id10_id13_0005.mp4,3,0.335394119872645,Fake,10
id4_id2_0007.mp4,2,0.305124934988068,Fake,14
id12_id7_0002.mp4,0,0.341217659540188,Fake,12
id3_id0_0008.mp4,10,0.243760849077578,Fake,15
id2_id0_0007.mp4,4,0.299995136020644,Fake,15
id9_id6_0004.mp4,2,0.327503419404475,Fake,12
id6_id1_0009.mp4,8,0.286379540650495,Fake,17
id0_id16_0007.mp4,11,0.28789472166478,Fake,15
id0_id3_0001.mp4,5,0.326621162658009,Fake,10
00234.mp4,5,0.323824150999232,Real,12
00055.mp4,4,0.282007801088007,Real,15
id8_id0_0007.mp4,3,0.273205972369535,Fake,12
id6_id2_0005.mp4,1,0.376496108900266,Fake,12
id0_id17_0007.mp4,10,0.291036516822739,Fake,15
id4_id0_0002.mp4,17,0.242277415774721,Fake,16
id2_id3_0004.mp4,10,0.299624455906952,Fake,14
id4_id9_0006.mp4,7,0.261026325494021,Fake,10
00018.mp4,3,0.255857726001739,Real,14
id2_id0_0006.mp4,8,0.300419708390555,Fake,12
00187.mp4,9,0.261424383386164,Real,15
00067.mp4,7,0.265801929922079,Real,15
id9_id3_0009.mp4,10,0.249178599971632,Fake,10
00117.mp4,13,0.28961504668988,Real,15
id4_id9_0008.mp4,8,0.289590397033147,Fake,10
id0_id16_0008.mp4,8,0.240268985516901,Fake,15
id12_0003.mp4,2,0.349785330447726,Real,12
id1_id0_0000.mp4,20,0.201500373008469,Fake,12
00217.mp4,3,0.283596546224607,Real,10
id2_id4_0001.mp4,5,0.247506746191511,Fake,12
id3_id16_0000.mp4,11,0.253947350891767,Fake,15
00225.mp4,12,0.26660479695149,Real,15
id16_id17_0013.mp4,9,0.211448933390074,Fake,10
id10_id12_0005.mp4,2,0.334988980215819,Fake,10
id17_id3_0004.mp4,1,0.32609002945502,Fake,10
00000.mp4,16,0.237751704482853,Real,15
id9_id0_0006.mp4,10,0.242993728383869,Fake,13
id16_id2_0012.mp4,1,0.332067582064707,Fake,10
id4_id1_0005.mp4,10,0.288753685603693,Fake,15
id4_id9_0005.mp4,6,0.263190126326191,Fake,15
id6_id2_0004.mp4,4,0.33156870147833,Fake,15
00199.mp4,17,0.304416663561597,Real,16
id16_0004.mp4,14,0.266506165539969,Real,13
id4_0004.mp4,1,0.31085918419813,Real,14
id1_0000.mp4,13,0.216585206629492,Real,12
00072.mp4,11,0.281137937365774,Real,15
id1_id16_0005.mp4,6,0.264277932690189,Fake,14
id3_id4_0001.mp4,7,0.27255714816629,Fake,12
00123.mp4,16,0.202069275198577,Real,10
00210.mp4,19,0.244907215134845,Real,20
id16_id2_0001.mp4,9,0.273201905140846,Fake,10
id1_id9_0002.mp4,8,0.270088622334254,Fake,13
00088.mp4,5,0.321522961179777,Real,16
id13_0013.mp4,2,0.338519995891078,Real,15
id10_id12_0008.mp4,0,0.375155019926495,Fake,12
id16_id2_0000.mp4,4,0.318981910001578,Fake,10
id2_id0_0003.mp4,6,0.261412721767185,Fake,12
id0_id3_0007.mp4,7,0.339846871000392,Fake,15
00200.mp4,0,0.331657190108223,Real,15
id4_id6_0001.mp4,8,0.278481799324028,Fake,15
id9_id6_0008.mp4,1,0.276981703229444,Fake,15
id2_id0_0009.mp4,4,0.287477878605337,Fake,10
id4_0001.mp4,16,0.240398531282052,Real,15
id0_0009.mp4,17,0.225413840246953,Real,17
id17_id9_0004.mp4,4,0.269832511204603,Fake,10
id1_id3_0001.mp4,1,0.299353982631626,Fake,9
id1_id6_0006.mp4,7,0.319269855363258,Fake,16
id13_id10_0008.mp4,2,0.341337508981102,Fake,15
00209.mp4,18,0.234849366374682,Real,15
id10_id13_0003.mp4,3,0.296713214093968,Fake,11
id16_0001.mp4,11,0.229548242878814,Real,10
00218.mp4,6,0.23512638146532,Real,15
id16_id2_0007.mp4,5,0.31741003608808,Fake,9
id2_id0_0000.mp4,9,0.246304609886962,Fake,14
id3_0006.mp4,6,0.332964818425416,Real,13
id1_id16_0002.mp4,7,0.245833954924651,Fake,13
id1_id3_0003.mp4,15,0.225318958754564,Fake,15
id13_0010.mp4,0,0.327435899406896,Real,11
id3_id17_0003.mp4,7,0.256966920786227,Fake,12
00010.mp4,14,0.23104827188922,Real,14
id13_0011.mp4,11,0.260376866346936,Real,15
id6_0005.mp4,0,0.354337701718951,Real,12
id17_0006.mp4,3,0.279257973240036,Real,6
00118.mp4,12,0.244732069900301,Real,15
id7_id13_0005.mp4,5,0.211159135569419,Fake,5
id16_id2_0002.mp4,0,0.335090864894811,Fake,12
id6_id16_0000.mp4,7,0.280099569305818,Fake,21
id6_id3_0005.mp4,1,0.361389994391357,Fake,12
00056.mp4,10,0.332407434269775,Real,17
00163.mp4,7,0.256516133368086,Real,15
id3_id6_0002.mp4,0,0.372245359113663,Fake,14
00237.mp4,8,0.288522989609253,Real,15
id7_id11_0005.mp4,1,0.195938753538581,Fake,5
id12_id10_0001.mp4,1,0.345966207601562,Fake,13
id6_id2_0002.mp4,2,0.329591558860677,Fake,20
id2_id17_0006.mp4,9,0.283234142881903,Fake,12
00164.mp4,7,0.321152844960954,Real,17
id10_id12_0002.mp4,1,0.379445114514794,Fake,10
id2_id6_0002.mp4,1,0.339787696443001,Fake,12
00198.mp4,11,0.23985077749687,Real,15
00154.mp4,11,0.250223526069948,Real,12
id6_id1_0006.mp4,0,0.313933606069549,Fake,9
id4_id1_0009.mp4,18,0.276713365406152,Fake,16
id16_id2_0011.mp4,0,0.32713991254029,Fake,9
id16_id6_0006.mp4,0,0.292543690445182,Fake,7
id4_id2_0002.mp4,5,0.305404819181057,Fake,16
id16_id9_0009.mp4,8,0.239176063247277,Fake,10
id7_id11_0001.mp4,4,0.274802649317502,Fake,9
00128.mp4,3,0.331095573534999,Real,15
00059.mp4,3,0.3102910559578,Real,15
id9_0004.mp4,3,0.306723978203326,Real,12
id0_id9_0006.mp4,1,0.287955444343186,Fake,17
id9_id2_0000.mp4,16,0.249217746207645,Fake,14
id12_id10_0004.mp4,9,0.268860605740264,Fake,11
id3_id2_0009.mp4,1,0.320374174703642,Fake,16
id1_0002.mp4,5,0.277985308916372,Real,13
00162.mp4,5,0.272402368693678,Real,14
id16_id17_0011.mp4,2,0.28805655599089,Fake,9
id4_id0_0004.mp4,8,0.297289355277622,Fake,14
id16_id1_0006.mp4,2,0.285005324053921,Fake,7
00095.mp4,20,0.203034676432695,Real,16
id0_id16_0006.mp4,8,0.262301634171089,Fake,17
id1_id2_0004.mp4,7,0.292775367636386,Fake,13
id8_0004.mp4,0,0.354580314830881,Real,18
id16_id9_0006.mp4,2,0.28379108621765,Fake,7
id17_0000.mp4,1,0.284072243305318,Real,10
00157.mp4,2,0.354927221316538,Real,15
00221.mp4,12,0.311221894379267,Real,14
id6_id1_0007.mp4,10,0.295352438673438,Fake,18
id1_id2_0007.mp4,3,0.305768609902194,Fake,10
id1_id16_0006.mp4,6,0.254245853505971,Fake,16
00009.mp4,13,0.283588676489377,Real,19
id9_id4_0002.mp4,7,0.251484757889754,Fake,12
id6_id3_0009.mp4,9,0.295611735233808,Fake,17
id13_0002.mp4,5,0.234873876390555,Real,13
id2_0000.mp4,9,0.274970297115945,Real,14
id0_id1_0009.mp4,21,0.216126834717991,Fake,17
id16_id3_0006.mp4,3,0.287199854300867,Fake,7
id8_0002.mp4,7,0.298437642175207,Real,17
id16_0000.mp4,7,0.259929667007165,Real,10
00078.mp4,5,0.341741151301318,Real,16
id0_id4_0003.mp4,11,0.265014697164508,Fake,17
id9_0009.mp4,5,0.268695721629611,Real,10
id0_id17_0003.mp4,21,0.254406898091852,Fake,17
id10_id7_0005.mp4,6,0.321409164848694,Fake,10
00204.mp4,7,0.281667996366718,Real,15
id10_id13_0006.mp4,0,0.31622589220458,Fake,5
00130.mp4,18,0.239997817233844,Real,13
id9_id0_0001.mp4,10,0.259726973204874,Fake,14
00222.mp4,6,0.358835656262947,Real,15
id10_id13_0008.mp4,0,0.370214337688289,Fake,12
id4_id6_0003.mp4,1,0.284139009402715,Fake,14
id2_id1_0000.mp4,9,0.262592738517245,Fake,14
id3_id17_0000.mp4,11,0.256922529150448,Fake,15
00120.mp4,4,0.349255989911585,Real,15
id6_id2_0003.mp4,0,0.347137121842051,Fake,12
id3_id9_0007.mp4,5,0.312750148190799,Fake,12
id17_id3_0000.mp4,0,0.34829226294586,Fake,10
id0_id17_0001.mp4,2,0.286583415318497,Fake,10
00076.mp4,9,0.301686823702339,Real,15
id0_id1_0000.mp4,11,0.258648234685011,Fake,15
00073.mp4,15,0.25061420267561,Real,15
id4_id2_0004.mp4,1,0.335930401322311,Fake,14
id2_id9_0006.mp4,4,0.289397543927647,Fake,12
id9_id17_0007.mp4,11,0.240788254038255,Fake,15
id2_id1_0003.mp4,8,0.281662525345612,Fake,12
id3_0005.mp4,7,0.294032816000813,Real,13
id6_id1_0005.mp4,2,0.312594974310809,Fake,12
00174.mp4,7,0.326271107810144,Real,15
id9_id2_0005.mp4,8,0.298213990055166,Fake,14
id16_id9_0007.mp4,5,0.302095929105072,Fake,9
00173.mp4,6,0.276860034310713,Real,16
id16_id0_0003.mp4,7,0.251297428499119,Fake,10
id3_id2_0002.mp4,2,0.35425081424333,Fake,14
00140.mp4,1,0.338593089282765,Real,12
id17_id9_0009.mp4,7,0.257721269020736,Fake,9
id9_id4_0007.mp4,10,0.257830487975315,Fake,15
id0_id16_0002.mp4,14,0.207918432699707,Fake,11
id3_id17_0008.mp4,18,0.240811288403564,Fake,15
id1_id0_0001.mp4,2,0.299112773598527,Fake,9
id8_id6_0008.mp4,26,0.22982762936426,Fake,19
id7_0008.mp4,6,0.276096335217998,Real,9
id13_0004.mp4,6,0.223600194468733,Real,11
00011.mp4,7,0.264197345619228,Real,15
id7_id13_0002.mp4,1,0.343807477443614,Fake,9
id8_id7_0007.mp4,2,0.314543237268722,Fake,12
id2_id1_0008.mp4,10,0.294901551434172,Fake,17
id10_id13_0002.mp4,2,0.369235758936162,Fake,10
id16_id9_0002.mp4,3,0.310489168704471,Fake,12
id8_id1_0002.mp4,6,0.251365322067693,Fake,17
id3_id16_0001.mp4,5,0.267335017089546,Fake,12
00086.mp4,5,0.344515203478566,Real,16
00228.mp4,5,0.344449821516855,Real,15
id12_id7_0004.mp4,14,0.250331829028378,Fake,11
id17_id0_0005.mp4,5,0.25827576148,Fake,10
id16_id6_0007.mp4,1,0.317443189747431,Fake,9
id16_id2_0004.mp4,8,0.305265368032276,Fake,13
id9_id6_0005.mp4,0,0.311978916227046,Fake,14
id3_0001.mp4,2,0.335552475670584,Real,12
00239.mp4,20,0.230790556084774,Real,16
id16_id2_0013.mp4,3,0.273210432985132,Fake,10
id16_0002.mp4,5,0.287452162976895,Real,12
00127.mp4,5,0.310015269351983,Real,16
id16_0009.mp4,16,0.230175013611717,Real,10
id16_id9_0001.mp4,10,0.250631932894246,Fake,10
00087.mp4,5,0.333850425325323,Real,15
id6_0007.mp4,0,0.381245711654046,Real,18
id6_id2_0008.mp4,1,0.312223326107951,Fake,12
id2_0005.mp4,0,0.373585986881041,Real,10
id17_0007.mp4,6,0.239261387455926,Real,9
00012.mp4,3,0.277351453663498,Real,13
id0_id3_0004.mp4,2,0.284459829701167,Fake,10
id8_id1_0003.mp4,10,0.237213157760145,Fake,13
id9_id0_0000.mp4,6,0.202251494815565,Fake,14
id16_id0_0002.mp4,5,0.300625012583434,Fake,12
id3_id4_0003.mp4,8,0.276588823438486,Fake,12
id16_id0_0004.mp4,12,0.24353323262228,Fake,13
id10_id11_0007.mp4,4,0.308261875331945,Fake,16
id17_id2_0009.mp4,1,0.320361605098728,Fake,9
id0_id16_0000.mp4,16,0.232371736983014,Fake,15
id3_id17_0004.mp4,23,0.22853668299092,Fake,16
id16_0003.mp4,8,0.218152547950141,Real,10
id2_id16_0007.mp4,6,0.266881350542727,Fake,15
id8_id6_0002.mp4,14,0.304842112599541,Fake,17
id9_id1_0009.mp4,4,0.252015719118043,Fake,10
id2_id6_0008.mp4,4,0.318821719970715,Fake,17
id0_id16_0004.mp4,4,0.271223688199541,Fake,10
id2_id16_0005.mp4,1,0.309138974263323,Fake,10
id6_id17_0006.mp4,0,0.296133720161065,Fake,9
id9_id1_0001.mp4,9,0.255309235219846,Fake,14
id1_id2_0009.mp4,5,0.314896914749095,Fake,13
00160.mp4,11,0.245688951812366,Real,16
id16_id0_0012.mp4,4,0.259892942251985,Fake,10
id13_0008.mp4,5,0.327338059420415,Real,15
00183.mp4,5,0.274108814047902,Real,17
id0_0008.mp4,10,0.234836672465953,Real,15
id6_id16_0003.mp4,3,0.289968053305191,Fake,12
id2_0006.mp4,5,0.348211507963216,Real,12
id16_id3_0004.mp4,8,0.286356424083705,Fake,13
id17_id2_0006.mp4,3,0.320159077274923,Fake,6
id9_id3_0004.mp4,2,0.317206120562306,Fake,12
00002.mp4,14,0.204199998053142,Real,17
id7_id12_0007.mp4,2,0.327745820747201,Fake,13
id17_id3_0006.mp4,1,0.301335878809404,Fake,6
id2_id3_0005.mp4,2,0.321317013175311,Fake,10
id17_0008.mp4,3,0.317986677188649,Real,8
id11_id7_0008.mp4,9,0.298072213450539,Fake,12
id6_id17_0001.mp4,5,0.246941072664523,Fake,10
id3_id17_0007.mp4,7,0.295706320221856,Fake,12
00243.mp4,0,0.343805441935962,Real,15
id16_id3_0003.mp4,7,0.277697341564914,Fake,10
00085.mp4,9,0.276940413325647,Real,21
id1_id9_0007.mp4,8,0.25375209932637,Fake,10
id0_id3_0006.mp4,2,0.327936201124413,Fake,17
id6_id3_0003.mp4,4,0.305641041447547,Fake,12
id13_id10_0007.mp4,6,0.329928692881793,Fake,15
id4_id3_0001.mp4,8,0.271074959662054,Fake,15
id12_id10_0005.mp4,6,0.290537330511506,Fake,10
id8_id9_0002.mp4,7,0.30184206250824,Fake,17
id8_id3_0008.mp4,16,0.254566518906563,Fake,19
id1_id17_0003.mp4,19,0.200936503131756,Fake,15
00161.mp4,16,0.226705645644755,Real,17
id4_0007.mp4,11,0.24294471066398,Real,14
00074.mp4,6,0.270099073952329,Real,15
id9_id17_0005.mp4,12,0.251771667028982,Fake,14
id1_id2_0001.mp4,2,0.334427874242986,Fake,9
00099.mp4,7,0.325055017215894,Real,16
id2_id9_0003.mp4,5,0.270278866909006,Fake,12
id12_id10_0006.mp4,0,0.347339510890596,Fake,10
id16_id6_0013.mp4,12,0.250515742098078,Fake,10
00191.mp4,14,0.22179815352414,Real,14
id3_id6_0009.mp4,1,0.32333105095364,Fake,16
id13_0006.mp4,9,0.242879721030678,Real,11
id2_id16_0008.mp4,13,0.267795967580812,Fake,17
00071.mp4,4,0.303862476213147,Real,16
00090.mp4,7,0.286570150157695,Real,13
id6_id2_0001.mp4,2,0.30524603490985,Fake,10
id9_id6_0009.mp4,5,0.263557428865767,Fake,10
id6_id0_0000.mp4,11,0.273344779776356,Fake,21
id0_id1_0005.mp4,10,0.182330723545488,Fake,15
id10_id7_0004.mp4,5,0.363096826853356,Fake,17
id0_id4_0001.mp4,7,0.300470485223942,Fake,10
id6_id2_0000.mp4,2,0.329851282111095,Fake,21
id13_id7_0002.mp4,6,0.211127674380103,Fake,13
